url,title
https://cdn.jsdelivr.net/gh/tongtrankien1605/daohuyenmy@main/videos/dao-huyen-my-01.mp4, Đào Huyền My 01
https://cdn.jsdelivr.net/gh/tongtrankien1605/daohuyenmy@main/videos/dao-huyen-my-02.mp4, Đào Huyền My 02
https://cdn.jsdelivr.net/gh/tongtrankien1605/daohuyenmy@main/videos/dao-huyen-my-03.mp4, Đào Huyền My 03
https://cdn.jsdelivr.net/gh/tongtrankien1605/daohuyenmy@main/videos/dao-huyen-my-04.mp4, Đào Huyền My 04
https://cdn.jsdelivr.net/gh/tongtrankien1605/daohuyenmy@main/videos/dao-huyen-my-05.mp4, Đào Huyền My 05
https://cdn.jsdelivr.net/gh/tongtrankien1605/daohuyenmy@main/videos/dao-huyen-my-06.mp4, Đào Huyền My 06
https://cdn.jsdelivr.net/gh/tongtrankien1605/daohuyenmy@main/videos/dao-huyen-my-07.mp4, Đào Huyền My 07
https://cdn.jsdelivr.net/gh/tongtrankien1605/daohuyenmy@main/videos/dao-huyen-my-08.mp4, Đào Huyền My 08
https://cdn.jsdelivr.net/gh/tongtrankien1605/daohuyenmy@main/videos/dao-huyen-my-09.mp4, Đào Huyền My 09
https://cdn.jsdelivr.net/gh/tongtrankien1605/daohuyenmy@main/videos/dao-huyen-my-10.mp4, Đào Huyền My 10
https://cdn.jsdelivr.net/gh/tongtrankien1605/daohuyenmy@main/videos/dao-huyen-my-11.mp4, Đào Huyền My 11
https://cdn.jsdelivr.net/gh/tongtrankien1605/daohuyenmy@main/videos/dao-huyen-my-12.mp4, Đào Huyền My 12
https://cdn.jsdelivr.net/gh/tongtrankien1605/daohuyenmy@main/videos/dao-huyen-my-13.mp4, Đào Huyền My 13
https://cdn.jsdelivr.net/gh/tongtrankien1605/daohuyenmy@main/videos/dao-huyen-my-14.mp4, Đào Huyền My 14
https://cdn.jsdelivr.net/gh/tongtrankien1605/daohuyenmy@main/videos/dao-huyen-my-15.mp4, Đào Huyền My 15
https://cdn.jsdelivr.net/gh/tongtrankien1605/daohuyenmy@main/videos/dao-huyen-my-16.mp4, Đào Huyền My 16
https://cdn.jsdelivr.net/gh/tongtrankien1605/daohuyenmy@main/videos/dao-huyen-my-17.mp4, Đào Huyền My 17
https://cdn.jsdelivr.net/gh/tongtrankien1605/daohuyenmy@main/videos/dao-huyen-my-18.mp4, Đào Huyền My 18
https://cdn.jsdelivr.net/gh/tongtrankien1605/daohuyenmy@main/videos/dao-huyen-my-19.mp4, Đào Huyền My 19
https://cdn.jsdelivr.net/gh/tongtrankien1605/daohuyenmy@main/videos/dao-huyen-my-20.mp4, Đào Huyền My 20
https://cdn.jsdelivr.net/gh/tongtrankien1605/daohuyenmy@main/videos/dao-huyen-my-21.mp4, Đào Huyền My 21
https://cdn.jsdelivr.net/gh/tongtrankien1605/daohuyenmy@main/videos/dao-huyen-my-22.mp4, Đào Huyền My 22
https://cdn.jsdelivr.net/gh/tongtrankien1605/daohuyenmy@main/videos/dao-huyen-my-23.mp4, Đào Huyền My 23
https://cdn.jsdelivr.net/gh/tongtrankien1605/daohuyenmy@main/videos/dao-huyen-my-24.mp4, Đào Huyền My 24
https://cdn.jsdelivr.net/gh/tongtrankien1605/daohuyenmy@main/videos/dao-huyen-my-25.mp4, Đào Huyền My 25
https://cdn.jsdelivr.net/gh/tongtrankien1605/daohuyenmy@main/videos/dao-huyen-my-26.mp4, Đào Huyền My 26
https://cdn.jsdelivr.net/gh/tongtrankien1605/daohuyenmy@main/videos/dao-huyen-my-27.mp4, Đào Huyền My 27
https://cdn.jsdelivr.net/gh/tongtrankien1605/daohuyenmy@main/videos/dao-huyen-my-28.mp4, Đào Huyền My 28
https://cdn.jsdelivr.net/gh/tongtrankien1605/daohuyenmy@main/videos/dao-huyen-my-29.mp4, Đào Huyền My 29
https://cdn.jsdelivr.net/gh/tongtrankien1605/daohuyenmy@main/videos/dao-huyen-my-30.mp4, Đào Huyền My 30
https://cdn.jsdelivr.net/gh/tongtrankien1605/daohuyenmy@main/videos/dao-huyen-my-31.mp4, Đào Huyền My 31
https://cdn.jsdelivr.net/gh/tongtrankien1605/daohuyenmy@main/videos/dao-huyen-my-32.mp4, Đào Huyền My 32
https://cdn.jsdelivr.net/gh/tongtrankien1605/daohuyenmy@main/videos/dao-huyen-my-33.mp4, Đào Huyền My 33
https://cdn.jsdelivr.net/gh/tongtrankien1605/daohuyenmy@main/videos/dao-huyen-my-34.mp4, Đào Huyền My 34
https://cdn.jsdelivr.net/gh/tongtrankien1605/daohuyenmy@main/videos/dao-huyen-my-35.mp4, Đào Huyền My 35
https://cdn.jsdelivr.net/gh/tongtrankien1605/daohuyenmy@main/videos/dao-huyen-my-36.mp4, Đào Huyền My 36
https://cdn.jsdelivr.net/gh/tongtrankien1605/daohuyenmy@main/videos/dao-huyen-my-37.mp4, Đào Huyền My 37
https://cdn.save.moe/s3/GkO4CEA.mp4, Đào Huyền My 38
https://cdn.anh.moe/s9/RFQHrXnG.mp4, Đào Huyền My 39
https://cdn.save.moe/s3/Ji9Zd6S.mp4, Đào Huyền My 40
https://cdn.save.moe/s3/2AllZrZ.mp4, Đào Huyền My 41